{
    "lrAllLog": 0.011745900000278198,
    "lrSomeLog": 0.015234700000291923,
    "lrSomeLogSomeSpline": 0.026617099999384664,
    "xgb": 0.06283230000008189
}